0,4130125.08987
1,3266236.94503
2,4130125.08987
3,3899470.12395
4,4286573.43395
5,4236856.50332
6,3390155.40761
7,4372866.81534
8,4393304.8474
9,3409802.97219
10,4019471.03567
11,4216418.47126
12,4393304.8474
13,4479598.22879
14,3299944.47536
15,4372866.81534
16,4445890.69846
17,4320280.96429
18,4309666.48627
19,4175919.37975
20,3493049.02291
21,4343374.0166
22,4062704.93932
23,4445890.69846
24,4325795.35259
25,3899470.12395
26,3926480.72712
27,4372866.81534
28,4359597.31707
29,4951148.18593
30,4199484.49519
31,3236744.14628
32,4186925.67252
33,4130125.08987
34,4216418.47126
35,3299944.47536
36,4089625.99836
37,4417446.92837
38,3189370.17387
39,4019471.03567
40,4216418.47126
41,4250126.00159
42,4344423.04526
43,4236856.50332
44,4393304.8474
45,4286573.43395
46,4053258.31872
47,3569915.79407
48,4175919.37975
49,4479598.22879
50,4289442.35438
51,4479598.22879
52,4445890.69846
53,3979051.69687
54,3822603.35279
55,4243414.19313
56,4479598.22879
57,4406574.34568
58,4179836.93061
59,4479598.22879
60,3429471.76039
61,4062704.93932
62,4343374.0166
63,3759026.09028
64,4163832.62021
65,4479598.22879
66,4479598.22879
67,5254827.03497
68,4406574.34568
69,4316438.07625
70,4053258.31872
71,3583185.29234
72,4019471.03567
73,3496891.91095
74,4479598.22879
75,4289442.35438
76,4372866.81534
77,4175919.37975
78,4479598.22879
79,4286573.43395
80,4479598.22879
81,4146506.33372
82,4424160.2466
83,4126282.20183
84,4479598.22879
85,3189370.17387
86,4023388.58653
87,3956270.70659
88,3656209.17545
89,4479598.22879
90,4479598.22879
91,3999504.61024
92,3189370.17387
93,4406574.34568
94,4445890.69846
95,4479598.22879
96,4089625.99836
97,4323149.88471
98,4053258.31872
99,4243414.19313
100,3989681.0562
101,3356447.87728
102,4162635.20004
103,4126282.20183
104,3493049.02291
105,3266236.94503
106,4323149.88471
107,4163832.62021
108,4282730.54591
109,4250126.00159
110,4479598.22879
111,5192675.73456
112,4142211.84942
113,3616892.82267
114,3990057.98964
115,4142211.84942
116,4023388.58653
117,4406574.34568
118,3899470.12395
119,4358168.39439
120,4406574.34568
121,4406574.34568
122,4130125.08987
123,4479598.22879
124,4055918.46803
125,3991107.0183
126,4790083.1379
127,4053258.31872
128,3876888.24938
129,4468825.62485
130,3356447.87728
131,4753244.73645
132,4479598.22879
133,3434740.61053
134,3999051.56317
135,2986123.21143
136,4089625.99836
137,4198851.12989
138,4979594.32437
139,4250126.00159
140,4479598.22879
141,4126282.20183
142,4252860.81373
143,3366271.43132
144,3979051.69687
145,2995555.15059
146,4089625.99836
147,3062592.58228
148,4359597.31707
149,4055918.46803
150,4062704.93932
151,3656209.17545
152,4445890.69846
153,4393304.8474
154,3356447.87728
155,4479598.22879
156,4479598.22879
157,4372866.81534
158,3950607.92679
159,4086965.84905
160,4216418.47126
161,4126282.20183
162,3366271.43132
163,4175919.37975
164,4479598.22879
165,3656209.17545
166,4250126.00159
167,4372866.81534
168,3352530.32641
169,4372866.81534
170,3985763.50534
171,3822603.35279
172,3960192.50169
173,3656209.17545
174,4053258.31872
175,3553692.49359
176,4479598.22879
177,4175919.37975
178,3390532.34105
179,4019471.03567
180,4219153.2834
181,4053258.31872
182,4479598.22879
183,4362008.94619
184,3711175.48268
185,3989681.0562
186,3593008.84638
187,5181803.15186
188,4479598.22879
189,4393304.8474
190,4445890.69846
191,4406574.34568
192,4445890.69846
193,4372866.81534
194,3583185.29234
195,3616892.82267
196,4323149.88471
197,3496891.91095
198,4343374.0166
199,4130125.08987
200,3496891.91095
201,4406574.34568
202,4289442.35438
203,3656209.17545
204,4236856.50332
205,4209706.6628
206,3978015.93027
207,3681500.48596
208,3915851.3678
209,4053258.31872
210,4445890.69846
211,4286573.43395
212,4359597.31707
213,3759026.09028
214,4479598.22879
215,3126169.84479
216,4320280.96429
217,3979051.69687
218,4216418.47126
219,4062704.93932
220,4479598.22879
221,4285144.51128
222,4445890.69846
223,4053258.31872
224,4175919.37975
225,4168012.51998
226,4479598.22879
227,4445890.69846
228,3899470.12395
229,5221119.50464
230,4286573.43395
231,4445890.69846
232,4406574.34568
233,3616892.82267
234,4130125.08987
235,4406574.34568
236,3989681.0562
237,4053258.31872
238,4393304.8474
239,3827081.97449
240,4100632.29113
241,4063081.87276
242,4053258.31872
243,4572261.15533
244,3833654.34574
245,4479598.22879
246,4053258.31872
247,4406574.34568
248,4023388.58653
249,4289442.35438
250,3999504.61024
251,4359597.31707
252,4479598.22879
253,4159989.73217
254,4286573.43395
255,4479598.22879
256,3519984.96326
257,4359597.31707
258,3037021.57863
259,4062704.93932
260,4130125.08987
261,4175919.37975
262,4406574.34568
263,4019471.03567
264,3429471.76039
265,4320280.96429
266,4203148.97299
267,4479598.22879
268,4019471.03567
269,4130125.08987
270,3856310.88313
271,3569915.79407
272,4406574.34568
273,4323149.88471
274,4216418.47126
275,4372866.81534
276,4479598.22879
277,4372866.81534
278,4323149.88471
279,3496891.91095
280,4175919.37975
281,4359597.31707
282,4062704.93932
283,4126282.20183
284,4142211.84942
285,3062592.58228
286,4175919.37975
287,3758446.16417
288,4479598.22879
289,3822603.35279
290,4250126.00159
291,4323149.88471
292,4053258.31872
293,5025354.80778
294,3429471.76039
295,5148095.62152
296,3626716.37671
297,4187974.70118
298,3583185.29234
299,4372866.81534
300,3971323.24735
301,4406574.34568
302,4445890.69846
303,4359597.31707
304,4323149.88471
305,4078054.6608
306,3979051.69687
307,4445890.69846
308,3496891.91095
309,4053258.31872
310,4479598.22879
311,3390532.34105
312,4289442.35438
313,3890544.25426
314,3509084.59852
315,4320280.96429
316,3583185.29234
317,4216418.47126
318,4393304.8474
319,4406574.34568
320,4445890.69846
321,4209706.6628
322,4289442.35438
323,4372866.81534
324,4479598.22879
325,4479598.22879
326,4479598.22879
327,4175919.37975
328,4186925.67252
329,5098378.69089
330,3616892.82267
331,4282730.54591
332,4372866.81534
333,5181803.15186
334,5098378.69089
335,4209706.6628
336,3293247.5482
337,4155952.95432
338,4286573.43395
339,4323149.88471
340,4922784.16856
341,4282730.54591
342,4190847.46761
343,4252860.81373
344,4130125.08987
345,3759403.02372
346,4372866.81534
347,4479598.22879
348,3463179.29073
349,4445890.69846
350,4320280.96429
351,4179836.93061
352,4479598.22879
353,4406574.34568
354,4130125.08987
355,4175919.37975
356,4372866.81534
357,4142211.84942
358,4286573.43395
359,4479598.22879
360,4699480.59077
361,3989681.0562
362,4130125.08987
363,4219153.2834
364,4282730.54591
365,4479598.22879
366,3293247.5482
367,3356447.87728
368,3463179.29073
369,3933177.65428
370,3933177.65428
371,4393304.8474
372,4140997.67257
373,4320280.96429
374,4393304.8474
375,4142211.84942
376,3356447.87728
377,4286573.43395
378,4055918.46803
379,4019471.03567
380,4416397.89972
381,3695825.7612
382,4130125.08987
383,4055918.46803
384,4309666.48627
385,4479598.22879
386,4406574.34568
387,4479598.22879
388,4286573.43395
389,4853283.46698
390,4175919.37975
391,4320280.96429
392,4175919.37975
393,3689916.70579
394,4951148.18593
395,4089625.99836
396,4252860.81373
397,4089625.99836
398,4323149.88471
399,4479598.22879
400,3366271.43132
401,3266236.94503
402,4163832.62021
403,4316438.07625
404,3695825.7612
405,4250126.00159
406,4479598.22879
407,4053258.31872
408,3062592.58228
409,3990057.98964
410,4053258.31872
411,4406574.34568
412,3689916.70579
413,3974173.04223
414,3895805.64615
415,4424160.2466
416,5181803.15186
417,4053258.31872
418,4289442.35438
419,4479598.22879
420,4142211.84942
421,4175919.37975
422,3989681.0562
423,3352530.32641
424,4406574.34568
425,4286573.43395
426,4250126.00159
427,4053258.31872
428,4662645.97706
429,4062704.93932
430,3366271.43132
431,4066924.7608
432,3990057.98964
433,4445890.69846
434,4286573.43395
435,4116640.84577
436,4142211.84942
437,3189370.17387
438,3593008.84638
439,4479598.22879
440,4406574.34568
441,4406574.34568
442,3496891.91095
443,4383739.39804
444,5026665.78713
445,4216418.47126
446,5254827.03497
447,4012759.22721
448,4282730.54591
449,4951148.18593
450,4359597.31707
451,3569915.79407
452,3985763.50534
453,4951148.18593
454,3546986.41228
455,4023765.51997
456,3583185.29234
457,3960188.25746
458,3827081.97449
459,3062592.58228
460,4320280.96429
461,4406574.34568
462,4445890.69846
463,3386237.85675
464,4393304.8474
465,4126282.20183
466,4126282.20183
467,4023765.51997
468,3553692.49359
469,4323149.88471
470,4203148.97299
471,3900105.85761
472,3366271.43132
473,4323149.88471
474,4126282.20183
475,4066924.7608
476,3356824.81072
477,4464903.82975
478,3899470.12395
479,3979051.69687
480,4479598.22879
481,4479598.22879
482,4055918.46803
483,4243414.19313
484,4479598.22879
485,4323149.88471
486,4372866.81534
487,4406574.34568
488,4204365.51819
489,3822603.35279
490,4445890.69846
491,3189370.17387
492,4325795.35259
493,4175919.37975
494,4359597.31707
495,4053258.31872
496,4479598.22879
497,3656209.17545
498,4139948.64391
499,4323149.88471
500,4130125.08987
501,4126282.20183
502,3899470.12395
503,5181803.15186
504,4445890.69846
505,4216418.47126
506,4479598.22879
507,4406574.34568
508,3759026.09028
509,4359597.31707
510,4406574.34568
511,4406574.34568
512,3293247.5482
513,4282730.54591
514,3496891.91095
515,3759026.09028
516,3616892.82267
517,4343374.0166
518,3856310.88313
519,4406574.34568
520,4219153.2834
521,4359597.31707
522,4951148.18593
523,4320280.96429
524,3496891.91095
525,4142211.84942
526,3506715.46499
527,4675338.5098
528,4393304.8474
529,4250126.00159
530,3453732.67012
531,4479598.22879
532,4445890.69846
533,3899470.12395
534,4479598.22879
535,4203148.97299
536,4019471.03567
537,4009328.62078
538,4062704.93932
539,4359597.31707
540,4019932.2051
541,3914894.50825
542,4175919.37975
543,3583185.29234
544,4250126.00159
545,4286573.43395
546,4062704.93932
547,4323149.88471
548,3979051.69687
549,4203148.97299
550,4053258.31872
551,4086965.84905
552,4252860.81373
553,4159989.73217
554,4019471.03567
555,4372866.81534
556,3293247.5482
557,4252860.81373
558,4204700.56657
559,3352530.32641
560,4289442.35438
561,4479598.22879
562,4053258.31872
563,4019471.03567
564,4219153.2834
565,4479598.22879
566,3496891.91095
567,4382690.36938
568,4053258.31872
569,4163832.62021
570,4175919.37975
571,5148095.62152
572,3689916.70579
573,4089625.99836
574,4203148.97299
575,3062592.58228
576,5254827.03497
577,4406574.34568
578,4005030.77768
579,4406574.34568
580,4216418.47126
581,4252860.81373
582,4406574.34568
583,4282730.54591
584,4204365.51819
585,3583185.29234
586,4053258.31872
587,4203148.97299
588,4216418.47126
589,4137333.19478
590,4416397.89972
591,4055918.46803
592,3626716.37671
593,4226242.0253
594,4203148.97299
595,3493049.02291
596,4406574.34568
597,4372866.81534
598,4023388.58653
599,5025354.80778
600,4406574.34568
601,4479598.22879
602,4557820.0119
603,3583185.29234
604,4096412.46965
605,4066924.7608
606,4066924.7608
607,3569915.79407
608,3999504.61024
609,4320280.96429
610,4406574.34568
611,3223077.7042
612,4159989.73217
613,4323149.88471
614,4406574.34568
615,4238408.09691
616,4323149.88471
617,4479598.22879
618,5254827.03497
619,4344423.04526
620,4323149.88471
621,4479598.22879
622,4525462.53697
623,4286573.43395
624,3616892.82267
625,4179836.93061
626,4406574.34568
627,4175919.37975
628,3266236.94503
629,4359597.31707
630,4479598.22879
631,4795433.85567
632,4479598.22879
633,4479598.22879
634,3433691.58187
635,4175919.37975
636,4406574.34568
637,3899470.12395
638,4175919.37975
639,5133397.20058
640,3774375.81176
641,4364881.71262
642,4100711.19819
643,4347295.81169
644,4282730.54591
645,3125792.91135
646,4445890.69846
647,4053258.31872
648,4270691.79445
649,4216418.47126
650,3352530.32641
651,4219153.2834
652,4479598.22879
653,4286573.43395
654,4175919.37975
655,4479598.22879
656,3519984.96326
657,4372866.81534
658,4120941.05722
659,3616892.82267
660,4445890.69846
661,4479598.22879
662,4359597.31707
663,4179836.93061
664,3899470.12395
665,4089625.99836
666,4951148.18593
667,4019471.03567
668,4296396.988
669,4023388.58653
670,4323149.88471
671,4479598.22879
672,4406574.34568
673,4163832.62021
674,4445890.69846
675,4259949.55563
676,4479598.22879
677,4216418.47126
678,3999504.61024
679,4243414.19313
680,3496891.91095
681,4479598.22879
682,4062704.93932
683,4406574.34568
684,4372866.81534
685,4479598.22879
686,4175919.37975
687,3125792.91135
688,4372866.81534
689,4116636.60154
690,3841870.62513
691,4146129.40028
692,4323149.88471
693,4259949.55563
694,4226242.0253
695,3930402.52222
696,4053258.31872
697,5025354.80778
698,3356447.87728
699,3852274.10528
700,4445890.69846
701,3299944.47536
702,4359597.31707
703,4978377.77917
704,4372866.81534
705,4142211.84942
706,4479598.22879
707,4359597.31707
708,4479598.22879
709,4130125.08987
710,4378852.13058
711,4359597.31707
712,4126282.20183
713,3266236.94503
714,4282730.54591
715,3352530.32641
716,3496891.91095
717,4209706.6628
718,4289442.35438
719,4479598.22879
720,4053258.31872
721,4445890.69846
722,4372866.81534
723,4139948.64391
724,4236856.50332
725,4126282.20183
726,4159989.73217
727,3979051.69687
728,3837958.4032
729,4479598.22879
730,3822603.35279
731,3759026.09028
732,4146129.40028
733,5181803.15186
734,4749401.84841
735,4250126.00159
736,4323149.88471
737,4130125.08987
738,4289442.35438
739,3583185.29234
740,4372866.81534
741,4055918.46803
742,4078054.6608
743,4250126.00159
744,4142211.84942
745,4175919.37975
746,3836269.79487
747,4406574.34568
748,4406574.34568
749,4393304.8474
750,5181803.15186
751,3616892.82267
752,4372866.81534
753,3366271.43132
754,3496891.91095
755,3926480.72712
756,3822603.35279
757,4479598.22879
758,4372866.81534
759,4479598.22879
760,4126282.20183
761,3926480.72712
762,4219530.21684
763,3240920.25832
764,4479598.22879
765,4479598.22879
766,4163832.62021
767,4406574.34568
768,4066924.7608
769,4406574.34568
770,4130125.08987
771,3822603.35279
772,3689916.70579
773,4209706.6628
774,3985763.50534
775,4406574.34568
776,3822603.35279
777,4053258.31872
778,3964033.05348
779,3989681.0562
780,4445890.69846
781,4130125.08987
782,4286573.43395
783,4479598.22879
784,4093801.65391
785,4250126.00159
786,4116640.84577
787,4320280.96429
788,4289442.35438
789,4479598.22879
790,3496891.91095
791,4479598.22879
792,3356824.81072
793,3366271.43132
794,3760452.05238
795,4479598.22879
796,3386237.85675
797,3569915.79407
798,3569915.79407
799,4219153.2834
800,4406574.34568
801,4323149.88471
802,4250126.00159
803,4203148.97299
804,3926480.72712
805,4153218.14219
806,4372866.81534
807,4320280.96429
808,3429471.76039
809,3433691.58187
810,4359597.31707
811,3616892.82267
812,4286573.43395
813,4053258.31872
814,3926480.72712
815,4250126.00159
816,4055918.46803
817,4019471.03567
818,3822603.35279
819,4250126.00159
820,4372866.81534
821,4089625.99836
822,4250126.00159
823,4130125.08987
824,4260998.58429
825,3689916.70579
826,4282730.54591
827,4139948.64391
828,4479598.22879
829,4130125.08987
830,4406574.34568
831,4372866.81534
832,4479598.22879
833,4320280.96429
834,4406574.34568
835,3496891.91095
836,3356447.87728
837,4203148.97299
838,3390155.40761
839,3356447.87728
840,4216418.47126
841,3989681.0562
842,5095509.77047
843,3356447.87728
844,4055918.46803
845,4549604.61794
846,4479598.22879
847,4019471.03567
848,3496891.91095
849,4320280.96429
850,4142211.84942
851,4323149.88471
852,4479598.22879
853,4096412.46965
854,4323149.88471
855,3822603.35279
856,5181803.15186
857,4180223.43722
858,3808163.0948
859,4359597.31707
860,4146129.40028
861,4479598.22879
862,4282730.54591
863,3603623.3244
864,5181803.15186
865,4179836.93061
866,3999504.61024
867,4216418.47126
868,4250126.00159
869,4175919.37975
870,3433770.48893
871,4289442.35438
872,4286573.43395
873,4063081.87276
874,4285144.51128
875,4323149.88471
876,4219153.2834
877,4479598.22879
878,4062704.93932
879,4479598.22879
880,3326955.07853
881,3759403.02372
882,4991647.27744
883,3583185.29234
884,4236856.50332
885,4406574.34568
886,3356447.87728
887,4323149.88471
888,4252860.81373
889,4175919.37975
890,4479598.22879
891,3656209.17545
892,4479598.22879
893,4089625.99836
894,4393304.8474
895,4323149.88471
896,4216418.47126
897,4130125.08987
898,4055918.46803
899,4479598.22879
900,3420025.13979
901,5221119.50464
902,4116636.60154
903,4359597.31707
904,4159989.73217
905,3979051.69687
906,3603623.3244
907,4236856.50332
908,4445890.69846
909,3366271.43132
910,4406574.34568
911,4445890.69846
912,4053258.31872
913,4479598.22879
914,4155952.95432
915,4406574.34568
916,3420025.13979
917,4286573.43395
918,4393304.8474
919,3616892.82267
920,4126282.20183
921,4019471.03567
922,4662645.97706
923,3877026.20368
924,4479598.22879
925,4479598.22879
926,4479598.22879
927,4479598.22879
928,5221119.50464
929,3583185.29234
930,4053258.31872
931,4126282.20183
932,4406574.34568
933,4393304.8474
934,4130125.08987
935,4320280.96429
936,4250126.00159
937,4130125.08987
938,4344423.04526
939,4372866.81534
940,4359597.31707
941,4216418.47126
942,4347295.81169
943,4406574.34568
944,4142211.84942
945,3433691.58187
946,4479598.22879
947,4216418.47126
948,3979051.69687
949,3429848.69383
950,5221119.50464
951,4216418.47126
952,4186925.67252
953,4216418.47126
954,4393304.8474
955,4406574.34568
956,4406574.34568
957,4479598.22879
958,4611755.91835
959,4250126.00159
960,4263644.05217
961,4323149.88471
962,4479598.22879
963,4406574.34568
964,4479598.22879
965,4289442.35438
966,4725836.73297
967,4951148.18593
968,3569915.79407
969,3626716.37671
970,3293247.5482
971,3593008.84638
972,3922563.17626
973,3989681.0562
974,3915474.43436
975,4053258.31872
976,4216418.47126
977,4286573.43395
978,4175919.37975
979,4479598.22879
980,4173656.17425
981,3223077.7042
982,3760452.05238
983,4236856.50332
984,4406574.34568
985,3997275.66771
986,4175919.37975
987,3997275.66771
988,4286573.43395
989,4203148.97299
990,4479598.22879
991,3433691.58187
992,4445890.69846
993,4955448.39739
994,4372866.81534
995,3759403.02372
996,4416397.89972
997,4445890.69846
998,4372866.81534
999,4372866.81534
1000,4301985.35942
1001,3370193.22641
1002,4130125.08987
1003,4406574.34568
1004,4175919.37975
1005,4323149.88471
1006,4417446.92837
1007,3846168.46824
1008,4216418.47126
1009,4209706.6628
1010,3989681.0562
1011,4445890.69846
1012,3453732.67012
1013,4406574.34568
1014,4209706.6628
1015,4142211.84942
1016,4479598.22879
1017,4410589.50694
1018,3773144.58512
1019,4146129.40028
1020,4359597.31707
1021,4126282.20183
1022,5101024.15877
1023,4445890.69846
1024,4086965.84905
1025,4216418.47126
1026,4468825.62485
1027,4146129.40028
1028,4479598.22879
1029,3266236.94503
1030,4479598.22879
1031,3420025.13979
1032,3125792.91135
1033,4406574.34568
1034,3997275.66771
1035,3899470.12395
1036,3840827.32363
1037,3927906.68922
1038,4253237.74717
1039,4142211.84942
1040,4216418.47126
1041,4479598.22879
1042,3583185.29234
1043,3711175.48268
1044,4316438.07625
1045,4479598.22879
1046,4012759.22721
1047,4406574.34568
1048,3899470.12395
1049,4055918.46803
1050,4175919.37975
1051,4479598.22879
1052,3583185.29234
1053,3496891.91095
1054,4479598.22879
1055,3366271.43132
1056,4479598.22879
1057,4372866.81534
1058,3999504.61024
1059,4479598.22879
1060,4323149.88471
1061,3856310.88313
1062,4289442.35438
1063,4219153.2834
1064,4175919.37975
1065,4282730.54591
1066,4372866.81534
1067,4372866.81534
1068,4209706.6628
1069,3799946.8154
1070,4175919.37975
1071,4216418.47126
1072,4479598.22879
1073,4175919.37975
1074,4320280.96429
1075,4406574.34568
1076,3759026.09028
1077,4130125.08987
1078,3496891.91095
1079,4406574.34568
1080,4209706.6628
1081,4130125.08987
1082,3822603.35279
1083,4347295.81169
1084,3159500.44169
1085,3420025.13979
1086,4406574.34568
1087,3433770.48893
1088,3569915.79407
1089,3062592.58228
1090,4479598.22879
1091,4479598.22879
1092,4175919.37975
1093,4219530.21684
1094,3656209.17545
1095,3593008.84638
1096,3429471.76039
1097,4216418.47126
1098,4479598.22879
1099,3999051.56317
1100,5181803.15186
1101,4372866.81534
1102,3583185.29234
1103,4747708.13181
1104,4323149.88471
1105,3990057.98964
1106,4146506.33372
1107,4250126.00159
1108,4053258.31872
1109,4118072.1368
1110,4296396.988
1111,4209706.6628
1112,3822603.35279
1113,4250126.00159
1114,4126282.20183
1115,3689916.70579
1116,4479598.22879
1117,4175919.37975
1118,4984935.46898
1119,4216418.47126
1120,4142211.84942
1121,3231096.24778
1122,4250126.00159
1123,4406574.34568
1124,4089625.99836
1125,4175919.37975
1126,4479598.22879
1127,4062704.93932
1128,4102576.63578
1129,3997275.66771
1130,4250126.00159
1131,4951148.18593
1132,3530599.44128
1133,4286573.43395
1134,5099689.67024
1135,3356447.87728
1136,4479598.22879
1137,4289442.35438
1138,3985763.50534
1139,4445890.69846
1140,4359597.31707
1141,4780259.58386
1142,4479598.22879
1143,4216418.47126
1144,3689916.70579
1145,3915474.43436
1146,4067182.0781
1147,4406574.34568
1148,4126282.20183
1149,4372866.81534
1150,4364881.71262
1151,3420025.13979
1152,5098378.69089
1153,4406574.34568
1154,3289329.99734
1155,3420025.13979
1156,4216418.47126
1157,4175919.37975
1158,4112719.05068
1159,4420319.69481
1160,3728733.27168
1161,4479598.22879
1162,4175919.37975
1163,3496891.91095
1164,4358168.39439
1165,3603623.3244
1166,4372866.81534
1167,4406574.34568
1168,3656209.17545
1169,4323149.88471
1170,4203148.97299
1171,4282730.54591
1172,3189370.17387
1173,4406574.34568
1174,3496891.91095
1175,3856310.88313
1176,4163832.62021
1177,4479598.22879
1178,4514848.05894
1179,4553522.1688
1180,5052618.20749
1181,4055918.46803
1182,5254827.03497
1183,4175919.37975
1184,3569915.79407
1185,4216418.47126
1186,4175919.37975
1187,3453732.67012
1188,4406574.34568
1189,4126282.20183
1190,4372866.81534
1191,4320280.96429
1192,4393304.8474
1193,3366271.43132
1194,4479598.22879
1195,4142211.84942
1196,3352530.32641
1197,4445890.69846
1198,3989681.0562
1199,4281944.27117
1200,4479598.22879
1201,4320280.96429
1202,4079483.58347
1203,3729533.29153
1204,4250126.00159
1205,4323149.88471
1206,4406574.34568
1207,3679673.05929
1208,4359597.31707
1209,4406574.34568
1210,4142211.84942
1211,4479598.22879
1212,4130125.08987
1213,4479598.22879
1214,4179836.93061
1215,4316438.07625
1216,4137333.19478
1217,4216418.47126
1218,4479598.22879
1219,3656209.17545
1220,3569915.79407
1221,4406574.34568
1222,4175919.37975
1223,4479598.22879
1224,4372866.81534
1225,4175919.37975
1226,5025354.80778
1227,4479598.22879
1228,4053258.31872
1229,4216418.47126
1230,4175919.37975
1231,4209706.6628
1232,3293247.5482
1233,4445890.69846
1234,4406574.34568
1235,3899470.12395
1236,4175919.37975
1237,3496891.91095
1238,4054489.54535
1239,4316438.07625
1240,4116640.84577
1241,4179836.93061
1242,4479598.22879
1243,3979051.69687
1244,4406574.34568
1245,4479598.22879
1246,4130125.08987
1247,4479598.22879
1248,3453732.67012
1249,4406574.34568
1250,4126282.20183
1251,4053258.31872
1252,4406574.34568
1253,4479598.22879
1254,4282730.54591
1255,3125792.91135
1256,4258150.29917
1257,4243414.19313
1258,4479598.22879
1259,3822603.35279
1260,4130125.08987
1261,4175919.37975
1262,4780259.58386
1263,3990057.98964
1264,4323149.88471
1265,3366271.43132
1266,3899470.12395
1267,4951148.18593
1268,3656209.17545
1269,4282730.54591
1270,3062592.58228
1271,4323149.88471
1272,4406574.34568
1273,3159500.44169
1274,4209706.6628
1275,4406574.34568
1276,3956270.70659
1277,4250126.00159
1278,4130125.08987
1279,3496891.91095
1280,4323149.88471
1281,4053258.31872
1282,4053258.31872
1283,3293247.5482
1284,4406574.34568
1285,3829954.74093
1286,3352530.32641
1287,3883718.88661
1288,4175919.37975
1289,4126282.20183
1290,4175919.37975
1291,4146129.40028
1292,5221119.50464
1293,5254827.03497
1294,4372866.81534
1295,4250126.00159
1296,4216418.47126
1297,3921606.31672
1298,4286573.43395
1299,3836269.79487
1300,4406574.34568
1301,4066924.7608
1302,4282730.54591
1303,4372866.81534
1304,4023388.58653
1305,4406574.34568
1306,4323149.88471
1307,4406574.34568
1308,4479598.22879
1309,3463179.29073
1310,4175919.37975
1311,4250126.00159
1312,4055918.46803
1313,4250126.00159
1314,4445890.69846
1315,4320280.96429
1316,4323149.88471
1317,4055918.46803
1318,4372866.81534
1319,4372866.81534
1320,5254827.03497
1321,3956270.70659
1322,4901511.00801
1323,3356447.87728
1324,4286573.43395
1325,4066924.7608
1326,4445890.69846
1327,4323149.88471
1328,4479598.22879
1329,4175919.37975
1330,4406574.34568
1331,3496891.91095
1332,4137333.19478
1333,4416397.89972
1334,3530599.44128
1335,4323149.88471
1336,3496891.91095
1337,4317428.83315
1338,3506715.46499
1339,4186925.67252
1340,4130125.08987
1341,4479598.22879
1342,4393304.8474
1343,3420025.13979
1344,4479598.22879
1345,3352530.32641
1346,3979051.69687
1347,3899470.12395
1348,4055918.46803
1349,4130125.08987
1350,4142211.84942
1351,4323149.88471
1352,4286573.43395
1353,4142211.84942
1354,4393304.8474
1355,4289442.35438
1356,4406574.34568
1357,4479598.22879
1358,4142211.84942
1359,3356447.87728
1360,3983530.31857
1361,5254827.03497
1362,3979051.69687
1363,4203148.97299
1364,4032989.08624
1365,3985763.50534
1366,4406574.34568
1367,4445890.69846
1368,4445890.69846
1369,4406574.34568
1370,4169347.0085
1371,4219153.2834
1372,4479598.22879
1373,4479598.22879
1374,3899470.12395
1375,4699480.59077
1376,4216418.47126
1377,3822603.35279
1378,4479598.22879
1379,4479598.22879
1380,4209706.6628
1381,5221119.50464
1382,4053258.31872
1383,4289442.35438
1384,3569915.79407
1385,4406574.34568
1386,3759026.09028
1387,3583185.29234
1388,4479598.22879
1389,4203148.97299
1390,4216418.47126
1391,3366271.43132
1392,3440025.00608
1393,4286573.43395
1394,4309666.48627
1395,4359597.31707
1396,4163832.62021
1397,4175919.37975
1398,4406574.34568
1399,4250126.00159
1400,4285144.51128
1401,4479598.22879
1402,4372866.81534
1403,4289442.35438
1404,3467478.01926
1405,4372866.81534
1406,3506715.46499
1407,4479598.22879
1408,4055918.46803
1409,4479598.22879
1410,4175919.37975
1411,3583185.29234
1412,4479598.22879
1413,4962154.4787
1414,3990057.98964
1415,4163832.62021
1416,4316438.07625
1417,4153218.14219
1418,3822603.35279
1419,4479598.22879
1420,5181803.15186
1421,4142211.84942
1422,4289442.35438
1423,5148095.62152
1424,4295213.76944
1425,4745241.07418
1426,3656209.17545
1427,4406574.34568
1428,3899470.12395
1429,3189370.17387
1430,4479598.22879
1431,3299944.47536
1432,4250126.00159
1433,4130125.08987
1434,3293247.5482
1435,3689916.70579
1436,4130125.08987
1437,4267953.21791
1438,3569915.79407
1439,4243414.19313
1440,4479598.22879
1441,4372866.81534
1442,3496891.91095
1443,4137333.19478
1444,3356447.87728
1445,3573595.90695
1446,5181803.15186
1447,4130125.08987
1448,4047917.17411
1449,4175919.37975
1450,4175919.37975
1451,4025719.43779
1452,4323149.88471
1453,3569915.79407
1454,4372866.81534
1455,4323149.88471
1456,4406574.34568
1457,4126282.20183
1458,4479598.22879
1459,4250126.00159
1460,3924586.83298
1461,4126282.20183
1462,4263644.05217
1463,3530599.44128
1464,4063081.87276
1465,4445890.69846
1466,3822603.35279
1467,4479598.22879
1468,4130125.08987
1469,4406574.34568
1470,4126460.61208
1471,4316438.07625
1472,4479598.22879
1473,3293247.5482
1474,4445890.69846
1475,3852274.10528
1476,4479598.22879
1477,4216418.47126
1478,4175919.37975
1479,4323149.88471
1480,4406574.34568
1481,4250126.00159
1482,4216418.47126
1483,4019471.03567
1484,4445890.69846
1485,4258129.66387
1486,4250126.00159
1487,4406574.34568
1488,4286573.43395
1489,4055918.46803
1490,4130125.08987
1491,4062704.93932
1492,4261002.43031
1493,4479598.22879
1494,4420319.69481
1495,4406574.34568
1496,4406574.34568
1497,4393304.8474
1498,4130125.08987
1499,4359597.31707
1500,4100632.29113
